,continent,country,date,retail_and_recreation,grocery_and_pharmacy,parks,transit_stations,workplaces,residential,outdoor
1424,Asia,Cambodia,2020-02-15,2.0,0.0,2.0,-17.0,5.0,0.0,-1.6
1425,Asia,Cambodia,2020-02-16,2.0,0.0,2.0,-19.0,3.0,2.0,-2.4
1426,Asia,Cambodia,2020-02-17,-2.0,-1.0,0.0,-19.0,5.0,2.0,-3.4
1427,Asia,Cambodia,2020-02-18,-2.0,0.0,-1.0,-20.0,5.0,1.0,-3.6
1428,Asia,Cambodia,2020-02-19,-2.0,-3.0,0.0,-20.0,5.0,2.0,-4.0
1429,Asia,Cambodia,2020-02-20,-1.0,-2.0,0.0,-21.0,6.0,2.0,-3.6
1430,Asia,Cambodia,2020-02-21,0.0,-1.0,2.0,-21.0,5.0,2.0,-3.0
1431,Asia,Cambodia,2020-02-22,0.0,0.0,2.0,-21.0,6.0,1.0,-2.6
1432,Asia,Cambodia,2020-02-23,0.0,-1.0,1.0,-19.0,4.0,2.0,-3.0
1433,Asia,Cambodia,2020-02-24,-3.0,-2.0,-3.0,-21.0,6.0,2.0,-4.6
1434,Asia,Cambodia,2020-02-25,-2.0,0.0,-3.0,-20.0,5.0,1.0,-4.0
1435,Asia,Cambodia,2020-02-26,-1.0,-1.0,1.0,-21.0,6.0,2.0,-3.2
1436,Asia,Cambodia,2020-02-27,-1.0,-1.0,0.0,-22.0,5.0,2.0,-3.8
1437,Asia,Cambodia,2020-02-28,0.0,-2.0,0.0,-22.0,5.0,1.0,-3.8
1438,Asia,Cambodia,2020-02-29,1.0,-1.0,-1.0,-21.0,5.0,0.0,-3.4
1439,Asia,Cambodia,2020-03-01,1.0,2.0,1.0,-19.0,5.0,1.0,-2.0
1440,Asia,Cambodia,2020-03-02,-1.0,1.0,-2.0,-19.0,6.0,1.0,-3.0
1441,Asia,Cambodia,2020-03-03,0.0,1.0,-1.0,-20.0,5.0,0.0,-3.0
1442,Asia,Cambodia,2020-03-04,1.0,1.0,2.0,-21.0,6.0,1.0,-2.2
1443,Asia,Cambodia,2020-03-05,1.0,2.0,2.0,-20.0,5.0,1.0,-2.0
1444,Asia,Cambodia,2020-03-06,0.0,3.0,0.0,-21.0,3.0,1.0,-3.0
1445,Asia,Cambodia,2020-03-07,-2.0,2.0,-2.0,-21.0,2.0,0.0,-4.2
1446,Asia,Cambodia,2020-03-08,-4.0,0.0,1.0,-23.0,0.0,2.0,-5.2
1447,Asia,Cambodia,2020-03-09,-7.0,-1.0,-3.0,-23.0,-20.0,6.0,-10.8
1448,Asia,Cambodia,2020-03-10,-6.0,1.0,-7.0,-23.0,4.0,1.0,-6.2
1449,Asia,Cambodia,2020-03-11,-5.0,-1.0,-5.0,-26.0,5.0,3.0,-6.4
1450,Asia,Cambodia,2020-03-12,-5.0,-3.0,-5.0,-27.0,4.0,2.0,-7.2
1451,Asia,Cambodia,2020-03-13,-5.0,-3.0,-5.0,-27.0,5.0,3.0,-7.0
1452,Asia,Cambodia,2020-03-14,-11.0,-4.0,-12.0,-27.0,3.0,4.0,-10.2
1453,Asia,Cambodia,2020-03-15,-13.0,-5.0,-15.0,-28.0,2.0,5.0,-11.8
1454,Asia,Cambodia,2020-03-16,-13.0,-4.0,-15.0,-27.0,-3.0,5.0,-12.4
1455,Asia,Cambodia,2020-03-17,-19.0,-6.0,-19.0,-30.0,-11.0,6.0,-17.0
1456,Asia,Cambodia,2020-03-18,-23.0,-11.0,-18.0,-35.0,-13.0,8.0,-20.0
1457,Asia,Cambodia,2020-03-19,-26.0,-14.0,-19.0,-39.0,-14.0,9.0,-22.4
1458,Asia,Cambodia,2020-03-20,-28.0,-14.0,-21.0,-41.0,-15.0,10.0,-23.8
1459,Asia,Cambodia,2020-03-21,-33.0,-18.0,-27.0,-44.0,-14.0,10.0,-27.2
1460,Asia,Cambodia,2020-03-22,-36.0,-23.0,-28.0,-49.0,-9.0,10.0,-29.0
1461,Asia,Cambodia,2020-03-23,-35.0,-21.0,-26.0,-48.0,-18.0,11.0,-29.6
1462,Asia,Cambodia,2020-03-24,-36.0,-22.0,-28.0,-50.0,-20.0,11.0,-31.2
1463,Asia,Cambodia,2020-03-25,-36.0,-22.0,-26.0,-51.0,-21.0,12.0,-31.2
1464,Asia,Cambodia,2020-03-26,-37.0,-24.0,-27.0,-53.0,-21.0,13.0,-32.4
1465,Asia,Cambodia,2020-03-27,-38.0,-25.0,-27.0,-53.0,-22.0,13.0,-33.0
1466,Asia,Cambodia,2020-03-28,-41.0,-27.0,-32.0,-55.0,-20.0,12.0,-35.0
1467,Asia,Cambodia,2020-03-29,-43.0,-29.0,-31.0,-57.0,-15.0,12.0,-35.0
1468,Asia,Cambodia,2020-03-30,-39.0,-26.0,-29.0,-55.0,-23.0,13.0,-34.4
1469,Asia,Cambodia,2020-03-31,-38.0,-24.0,-28.0,-54.0,-24.0,11.0,-33.6
1470,Asia,Cambodia,2020-04-01,-37.0,-24.0,-26.0,-53.0,-27.0,12.0,-33.4
1471,Asia,Cambodia,2020-04-02,-37.0,-24.0,-26.0,-56.0,-27.0,12.0,-34.0
1472,Asia,Cambodia,2020-04-03,-37.0,-22.0,-24.0,-55.0,-27.0,12.0,-33.0
1473,Asia,Cambodia,2020-04-04,-41.0,-26.0,-27.0,-56.0,-28.0,10.0,-35.6
1474,Asia,Cambodia,2020-04-05,-41.0,-27.0,-30.0,-58.0,-20.0,11.0,-35.2
1475,Asia,Cambodia,2020-04-06,-37.0,-23.0,-27.0,-55.0,-27.0,12.0,-33.8
1476,Asia,Cambodia,2020-04-07,-38.0,-22.0,-28.0,-54.0,-28.0,11.0,-34.0
1477,Asia,Cambodia,2020-04-08,-36.0,-23.0,-24.0,-55.0,-28.0,12.0,-33.2
1478,Asia,Cambodia,2020-04-09,-38.0,-23.0,-27.0,-55.0,-29.0,12.0,-34.4
1479,Asia,Cambodia,2020-04-10,-41.0,-23.0,-28.0,-61.0,-30.0,15.0,-36.6
1480,Asia,Cambodia,2020-04-11,-44.0,-26.0,-33.0,-63.0,-31.0,15.0,-39.4
1481,Asia,Cambodia,2020-04-12,-46.0,-26.0,-35.0,-64.0,-24.0,15.0,-39.0
1482,Asia,Cambodia,2020-04-13,-46.0,-22.0,-32.0,-65.0,-36.0,17.0,-40.2
1483,Asia,Cambodia,2020-04-14,-47.0,-34.0,-28.0,-64.0,-37.0,13.0,-42.0
1484,Asia,Cambodia,2020-04-15,-47.0,-35.0,-25.0,-66.0,-37.0,14.0,-42.0
1485,Asia,Cambodia,2020-04-16,-46.0,-34.0,-26.0,-64.0,-36.0,14.0,-41.2
1486,Asia,Cambodia,2020-04-17,-42.0,-28.0,-26.0,-60.0,-34.0,13.0,-38.0
1487,Asia,Cambodia,2020-04-18,-42.0,-29.0,-29.0,-57.0,-33.0,11.0,-38.0
1488,Asia,Cambodia,2020-04-19,-42.0,-29.0,-28.0,-57.0,-22.0,10.0,-35.6
1489,Asia,Cambodia,2020-04-20,-36.0,-24.0,-26.0,-53.0,-27.0,11.0,-33.2
1490,Asia,Cambodia,2020-04-21,-36.0,-24.0,-25.0,-51.0,-27.0,10.0,-32.6
1491,Asia,Cambodia,2020-04-22,-35.0,-25.0,-24.0,-53.0,-27.0,12.0,-32.8
1492,Asia,Cambodia,2020-04-23,-36.0,-26.0,-24.0,-53.0,-26.0,12.0,-33.0
1493,Asia,Cambodia,2020-04-24,-35.0,-24.0,-24.0,-54.0,-26.0,12.0,-32.6
1494,Asia,Cambodia,2020-04-25,-35.0,-24.0,-27.0,-53.0,-25.0,10.0,-32.8
1495,Asia,Cambodia,2020-04-26,-35.0,-25.0,-25.0,-53.0,-17.0,10.0,-31.0
1496,Asia,Cambodia,2020-04-27,-33.0,-23.0,-25.0,-52.0,-23.0,11.0,-31.2
1497,Asia,Cambodia,2020-04-28,-33.0,-21.0,-24.0,-49.0,-24.0,9.0,-30.2
1498,Asia,Cambodia,2020-04-29,-31.0,-21.0,-18.0,-49.0,-24.0,10.0,-28.6
1499,Asia,Cambodia,2020-04-30,-29.0,-20.0,-15.0,-49.0,-23.0,10.0,-27.2
1500,Asia,Cambodia,2020-05-01,-31.0,-18.0,-10.0,-51.0,-48.0,14.0,-31.6
1501,Asia,Cambodia,2020-05-02,-33.0,-22.0,-17.0,-51.0,-29.0,10.0,-30.4
1502,Asia,Cambodia,2020-05-03,-33.0,-23.0,-20.0,-50.0,-13.0,8.0,-27.8
1503,Asia,Cambodia,2020-05-04,-30.0,-20.0,-22.0,-50.0,-22.0,10.0,-28.8
1504,Asia,Cambodia,2020-05-05,-28.0,-17.0,-20.0,-47.0,-22.0,8.0,-26.8
1505,Asia,Cambodia,2020-05-06,-27.0,-15.0,-11.0,-48.0,-44.0,14.0,-29.0
1506,Asia,Cambodia,2020-05-07,-27.0,-18.0,-18.0,-47.0,-20.0,10.0,-26.0
1507,Asia,Cambodia,2020-05-08,-26.0,-16.0,-18.0,-48.0,-20.0,10.0,-25.6
1508,Asia,Cambodia,2020-05-09,-26.0,-15.0,-15.0,-45.0,-21.0,8.0,-24.4
1509,Asia,Cambodia,2020-05-10,-26.0,-16.0,-9.0,-45.0,-12.0,7.0,-21.6
1510,Asia,Cambodia,2020-05-11,-26.0,-14.0,-12.0,-45.0,-36.0,12.0,-26.6
1511,Asia,Cambodia,2020-05-12,-25.0,-13.0,-17.0,-44.0,-20.0,8.0,-23.8
1512,Asia,Cambodia,2020-05-13,-24.0,-15.0,-14.0,-45.0,-21.0,9.0,-23.8
3916,Asia,Indonesia,2020-02-15,-2.0,-2.0,-8.0,1.0,5.0,1.0,-1.2
3917,Asia,Indonesia,2020-02-16,-3.0,-3.0,-7.0,-4.0,2.0,2.0,-3.0
3918,Asia,Indonesia,2020-02-17,-3.0,-4.0,-7.0,-1.0,3.0,1.0,-2.4
3919,Asia,Indonesia,2020-02-18,-3.0,-2.0,-4.0,1.0,2.0,1.0,-1.2
3920,Asia,Indonesia,2020-02-19,-3.0,-4.0,-3.0,0.0,1.0,1.0,-1.8
3921,Asia,Indonesia,2020-02-20,-2.0,-1.0,-1.0,4.0,1.0,1.0,0.2
3922,Asia,Indonesia,2020-02-21,-2.0,-3.0,-5.0,2.0,5.0,1.0,-0.6
3923,Asia,Indonesia,2020-02-22,0.0,0.0,-5.0,1.0,5.0,0.0,0.2
3924,Asia,Indonesia,2020-02-23,-2.0,-1.0,-5.0,-4.0,3.0,1.0,-1.8
3925,Asia,Indonesia,2020-02-24,-2.0,-3.0,-4.0,-1.0,4.0,1.0,-1.2
3926,Asia,Indonesia,2020-02-25,-5.0,-2.0,-6.0,-6.0,-2.0,3.0,-4.2
3927,Asia,Indonesia,2020-02-26,-2.0,-1.0,-3.0,0.0,3.0,0.0,-0.6
3928,Asia,Indonesia,2020-02-27,0.0,2.0,-3.0,2.0,4.0,0.0,1.0
3929,Asia,Indonesia,2020-02-28,1.0,3.0,-5.0,3.0,5.0,1.0,1.4
3930,Asia,Indonesia,2020-02-29,2.0,6.0,-7.0,4.0,6.0,0.0,2.2
3931,Asia,Indonesia,2020-03-01,1.0,5.0,-8.0,0.0,3.0,1.0,0.2
3932,Asia,Indonesia,2020-03-02,5.0,12.0,0.0,3.0,5.0,0.0,5.0
3933,Asia,Indonesia,2020-03-03,3.0,10.0,-2.0,2.0,5.0,0.0,3.6
3934,Asia,Indonesia,2020-03-04,0.0,4.0,-5.0,-1.0,4.0,1.0,0.4
3935,Asia,Indonesia,2020-03-05,4.0,8.0,-1.0,3.0,4.0,0.0,3.6
3936,Asia,Indonesia,2020-03-06,2.0,4.0,-3.0,3.0,6.0,1.0,2.4
3937,Asia,Indonesia,2020-03-07,3.0,6.0,-4.0,3.0,6.0,0.0,2.8
3938,Asia,Indonesia,2020-03-08,1.0,4.0,-4.0,-1.0,4.0,1.0,0.8
3939,Asia,Indonesia,2020-03-09,2.0,3.0,-1.0,1.0,5.0,1.0,2.0
3940,Asia,Indonesia,2020-03-10,3.0,6.0,2.0,1.0,4.0,1.0,3.2
3941,Asia,Indonesia,2020-03-11,3.0,5.0,2.0,1.0,4.0,1.0,3.0
3942,Asia,Indonesia,2020-03-12,2.0,3.0,0.0,1.0,4.0,1.0,2.0
3943,Asia,Indonesia,2020-03-13,2.0,3.0,-2.0,1.0,6.0,1.0,2.0
3944,Asia,Indonesia,2020-03-14,-2.0,3.0,-6.0,-5.0,5.0,1.0,-1.0
3945,Asia,Indonesia,2020-03-15,-7.0,3.0,-12.0,-12.0,4.0,3.0,-4.8
3946,Asia,Indonesia,2020-03-16,-7.0,2.0,-8.0,-12.0,-8.0,5.0,-6.6
3947,Asia,Indonesia,2020-03-17,-9.0,1.0,-10.0,-16.0,-13.0,6.0,-9.4
3948,Asia,Indonesia,2020-03-18,-11.0,0.0,-12.0,-21.0,-16.0,8.0,-12.0
3949,Asia,Indonesia,2020-03-19,-16.0,-5.0,-17.0,-26.0,-17.0,9.0,-16.2
3950,Asia,Indonesia,2020-03-20,-19.0,-7.0,-21.0,-31.0,-18.0,10.0,-19.2
3951,Asia,Indonesia,2020-03-21,-23.0,-5.0,-30.0,-33.0,-11.0,9.0,-20.4
3952,Asia,Indonesia,2020-03-22,-32.0,-15.0,-39.0,-42.0,-7.0,10.0,-27.0
3953,Asia,Indonesia,2020-03-23,-27.0,-12.0,-25.0,-41.0,-27.0,13.0,-26.4
3954,Asia,Indonesia,2020-03-24,-29.0,-11.0,-26.0,-42.0,-31.0,13.0,-27.8
3955,Asia,Indonesia,2020-03-25,-38.0,-20.0,-31.0,-52.0,-59.0,21.0,-40.0
3956,Asia,Indonesia,2020-03-26,-34.0,-17.0,-30.0,-46.0,-34.0,15.0,-32.2
3957,Asia,Indonesia,2020-03-27,-36.0,-17.0,-34.0,-49.0,-33.0,16.0,-33.8
3958,Asia,Indonesia,2020-03-28,-42.0,-20.0,-46.0,-50.0,-23.0,15.0,-36.2
3959,Asia,Indonesia,2020-03-29,-47.0,-27.0,-52.0,-54.0,-15.0,15.0,-39.0
3960,Asia,Indonesia,2020-03-30,-36.0,-20.0,-32.0,-51.0,-34.0,16.0,-34.6
3961,Asia,Indonesia,2020-03-31,-35.0,-16.0,-32.0,-49.0,-35.0,15.0,-33.4
3962,Asia,Indonesia,2020-04-01,-31.0,-10.0,-28.0,-49.0,-35.0,15.0,-30.6
3963,Asia,Indonesia,2020-04-02,-33.0,-13.0,-29.0,-50.0,-35.0,16.0,-32.0
3964,Asia,Indonesia,2020-04-03,-35.0,-17.0,-34.0,-53.0,-34.0,17.0,-34.6
3965,Asia,Indonesia,2020-04-04,-40.0,-20.0,-45.0,-54.0,-25.0,15.0,-36.8
3966,Asia,Indonesia,2020-04-05,-43.0,-24.0,-50.0,-58.0,-17.0,14.0,-38.4
3967,Asia,Indonesia,2020-04-06,-34.0,-20.0,-31.0,-54.0,-34.0,16.0,-34.6
3968,Asia,Indonesia,2020-04-07,-33.0,-16.0,-30.0,-51.0,-35.0,15.0,-33.0
3969,Asia,Indonesia,2020-04-08,-34.0,-17.0,-30.0,-52.0,-36.0,15.0,-33.8
3970,Asia,Indonesia,2020-04-09,-31.0,-13.0,-28.0,-50.0,-35.0,15.0,-31.4
3971,Asia,Indonesia,2020-04-10,-43.0,-28.0,-37.0,-64.0,-60.0,24.0,-46.4
3972,Asia,Indonesia,2020-04-11,-43.0,-24.0,-46.0,-59.0,-30.0,17.0,-40.4
3973,Asia,Indonesia,2020-04-12,-46.0,-27.0,-50.0,-61.0,-17.0,15.0,-40.2
3974,Asia,Indonesia,2020-04-13,-33.0,-19.0,-29.0,-56.0,-35.0,17.0,-34.4
3975,Asia,Indonesia,2020-04-14,-34.0,-19.0,-29.0,-54.0,-36.0,16.0,-34.4
3976,Asia,Indonesia,2020-04-15,-35.0,-19.0,-29.0,-55.0,-36.0,17.0,-34.8
3977,Asia,Indonesia,2020-04-16,-34.0,-18.0,-29.0,-56.0,-36.0,17.0,-34.6
3978,Asia,Indonesia,2020-04-17,-38.0,-23.0,-35.0,-58.0,-35.0,18.0,-37.8
3979,Asia,Indonesia,2020-04-18,-43.0,-25.0,-46.0,-58.0,-24.0,15.0,-39.2
3980,Asia,Indonesia,2020-04-19,-45.0,-26.0,-49.0,-60.0,-14.0,14.0,-38.8
3981,Asia,Indonesia,2020-04-20,-34.0,-19.0,-29.0,-56.0,-34.0,16.0,-34.4
3982,Asia,Indonesia,2020-04-21,-35.0,-19.0,-31.0,-55.0,-36.0,16.0,-35.2
3983,Asia,Indonesia,2020-04-22,-34.0,-16.0,-28.0,-53.0,-36.0,15.0,-33.4
3984,Asia,Indonesia,2020-04-23,-32.0,-10.0,-28.0,-50.0,-37.0,15.0,-31.4
3985,Asia,Indonesia,2020-04-24,-49.0,-30.0,-45.0,-64.0,-43.0,22.0,-46.2
3986,Asia,Indonesia,2020-04-25,-50.0,-29.0,-53.0,-64.0,-30.0,19.0,-45.2
3987,Asia,Indonesia,2020-04-26,-53.0,-34.0,-58.0,-68.0,-18.0,18.0,-46.2
3988,Asia,Indonesia,2020-04-27,-43.0,-28.0,-38.0,-62.0,-36.0,19.0,-41.4
3989,Asia,Indonesia,2020-04-28,-43.0,-26.0,-38.0,-61.0,-38.0,18.0,-41.2
3990,Asia,Indonesia,2020-04-29,-42.0,-24.0,-36.0,-60.0,-37.0,18.0,-39.8
3991,Asia,Indonesia,2020-04-30,-40.0,-19.0,-35.0,-58.0,-36.0,18.0,-37.6
3992,Asia,Indonesia,2020-05-01,-44.0,-23.0,-42.0,-67.0,-59.0,25.0,-47.0
3993,Asia,Indonesia,2020-05-02,-46.0,-24.0,-50.0,-62.0,-28.0,18.0,-42.0
3994,Asia,Indonesia,2020-05-03,-48.0,-28.0,-55.0,-65.0,-14.0,17.0,-42.0
3995,Asia,Indonesia,2020-05-04,-38.0,-21.0,-34.0,-60.0,-35.0,18.0,-37.6
3996,Asia,Indonesia,2020-05-05,-39.0,-19.0,-34.0,-58.0,-36.0,18.0,-37.2
3997,Asia,Indonesia,2020-05-06,-38.0,-18.0,-33.0,-58.0,-36.0,18.0,-36.6
3998,Asia,Indonesia,2020-05-07,-44.0,-18.0,-37.0,-62.0,-58.0,24.0,-43.8
3999,Asia,Indonesia,2020-05-08,-44.0,-19.0,-41.0,-59.0,-35.0,19.0,-39.6
4000,Asia,Indonesia,2020-05-09,-48.0,-22.0,-52.0,-59.0,-26.0,17.0,-41.4
4001,Asia,Indonesia,2020-05-10,-48.0,-23.0,-54.0,-62.0,-12.0,16.0,-39.8
4002,Asia,Indonesia,2020-05-11,-39.0,-16.0,-36.0,-56.0,-34.0,18.0,-36.2
4003,Asia,Indonesia,2020-05-12,-38.0,-13.0,-33.0,-54.0,-35.0,18.0,-34.6
4004,Asia,Indonesia,2020-05-13,-37.0,-12.0,-32.0,-54.0,-34.0,17.0,-33.8
4984,Asia,Laos,2020-02-15,0.0,4.0,-1.0,-9.0,5.0,1.0,-0.2
4985,Asia,Laos,2020-02-16,-2.0,3.0,-4.0,-6.0,4.0,2.0,-1.0
4986,Asia,Laos,2020-02-17,-1.0,3.0,-2.0,-7.0,10.0,1.0,0.6
4987,Asia,Laos,2020-02-18,-1.0,3.0,0.0,-5.0,10.0,1.0,1.4
4988,Asia,Laos,2020-02-19,-1.0,0.0,0.0,-4.0,9.0,2.0,0.8
4989,Asia,Laos,2020-02-20,-2.0,0.0,1.0,-7.0,11.0,1.0,0.6
4990,Asia,Laos,2020-02-21,0.0,2.0,1.0,-8.0,17.0,1.0,2.4
4991,Asia,Laos,2020-02-22,0.0,4.0,-2.0,-14.0,5.0,3.0,-1.4
4992,Asia,Laos,2020-02-23,2.0,4.0,-3.0,-12.0,6.0,1.0,-0.6
4993,Asia,Laos,2020-02-24,1.0,3.0,-1.0,-6.0,9.0,1.0,1.2
4994,Asia,Laos,2020-02-25,3.0,4.0,3.0,-5.0,9.0,1.0,2.8
4995,Asia,Laos,2020-02-26,0.0,1.0,1.0,-4.0,8.0,1.0,1.2
4996,Asia,Laos,2020-02-27,1.0,3.0,2.0,-6.0,10.0,1.0,2.0
4997,Asia,Laos,2020-02-28,4.0,5.0,2.0,-3.0,14.0,0.0,4.4
4998,Asia,Laos,2020-02-29,1.0,5.0,-3.0,-7.0,7.0,0.0,0.6
4999,Asia,Laos,2020-03-01,1.0,5.0,-6.0,-7.0,6.0,1.0,-0.2
5000,Asia,Laos,2020-03-02,1.0,5.0,-2.0,-3.0,11.0,0.0,2.4
5001,Asia,Laos,2020-03-03,2.0,4.0,-1.0,-4.0,10.0,0.0,2.2
5002,Asia,Laos,2020-03-04,-2.0,1.0,-3.0,-4.0,7.0,1.0,-0.2
5003,Asia,Laos,2020-03-05,-1.0,4.0,1.0,-6.0,10.0,0.0,1.6
5004,Asia,Laos,2020-03-06,0.0,3.0,3.0,-6.0,8.0,1.0,1.6
5005,Asia,Laos,2020-03-07,1.0,6.0,0.0,-11.0,5.0,1.0,0.2
5006,Asia,Laos,2020-03-08,6.0,7.0,8.0,-11.0,2.0,-1.0,2.4
5007,Asia,Laos,2020-03-09,0.0,3.0,5.0,-4.0,-41.0,5.0,-7.4
5008,Asia,Laos,2020-03-10,1.0,7.0,1.0,-4.0,13.0,0.0,3.6
5009,Asia,Laos,2020-03-11,-2.0,1.0,0.0,-8.0,11.0,2.0,0.4
5010,Asia,Laos,2020-03-12,-2.0,2.0,-1.0,-9.0,15.0,1.0,1.0
5011,Asia,Laos,2020-03-13,-2.0,2.0,-2.0,-12.0,21.0,2.0,1.4
5012,Asia,Laos,2020-03-14,-5.0,1.0,-6.0,-18.0,10.0,3.0,-3.6
5013,Asia,Laos,2020-03-15,-6.0,1.0,-5.0,-17.0,10.0,3.0,-3.4
5014,Asia,Laos,2020-03-16,-3.0,4.0,-3.0,-11.0,13.0,2.0,0.0
5015,Asia,Laos,2020-03-17,-7.0,3.0,-3.0,-15.0,12.0,2.0,-2.0
5016,Asia,Laos,2020-03-18,-11.0,-2.0,-5.0,-16.0,9.0,4.0,-5.0
5017,Asia,Laos,2020-03-19,-11.0,0.0,-3.0,-12.0,6.0,4.0,-4.0
5018,Asia,Laos,2020-03-20,-14.0,0.0,-6.0,-9.0,2.0,6.0,-5.4
5019,Asia,Laos,2020-03-21,-19.0,-6.0,-13.0,-18.0,4.0,5.0,-10.4
5020,Asia,Laos,2020-03-22,-24.0,-10.0,-13.0,-26.0,2.0,6.0,-14.2
5021,Asia,Laos,2020-03-23,-20.0,-8.0,-6.0,-21.0,-10.0,6.0,-13.0
5022,Asia,Laos,2020-03-24,-24.0,-7.0,-5.0,-25.0,-12.0,6.0,-14.6
5023,Asia,Laos,2020-03-25,-30.0,-11.0,-7.0,-29.0,-16.0,9.0,-18.6
5024,Asia,Laos,2020-03-26,-34.0,-16.0,-8.0,-34.0,-16.0,9.0,-21.6
5025,Asia,Laos,2020-03-27,-39.0,-19.0,-12.0,-39.0,-13.0,12.0,-24.4
5026,Asia,Laos,2020-03-28,-43.0,-23.0,-19.0,-46.0,-8.0,11.0,-27.8
5027,Asia,Laos,2020-03-29,-45.0,-23.0,-18.0,-47.0,-9.0,11.0,-28.4
5028,Asia,Laos,2020-03-30,-42.0,-25.0,-14.0,-42.0,-27.0,13.0,-30.0
5029,Asia,Laos,2020-03-31,-40.0,-19.0,-9.0,-36.0,-30.0,10.0,-26.8
5030,Asia,Laos,2020-04-01,-53.0,-36.0,-13.0,-58.0,-45.0,16.0,-41.0
5031,Asia,Laos,2020-04-02,-55.0,-38.0,-14.0,-62.0,-45.0,17.0,-42.8
5032,Asia,Laos,2020-04-03,-56.0,-38.0,-17.0,-65.0,-41.0,20.0,-43.4
5033,Asia,Laos,2020-04-04,-59.0,-40.0,-24.0,-68.0,-26.0,16.0,-43.4
5034,Asia,Laos,2020-04-05,-59.0,-41.0,-23.0,-67.0,-19.0,15.0,-41.8
5035,Asia,Laos,2020-04-06,-55.0,-38.0,-16.0,-66.0,-49.0,18.0,-44.8
5036,Asia,Laos,2020-04-07,-56.0,-37.0,-14.0,-65.0,-49.0,17.0,-44.2
5037,Asia,Laos,2020-04-08,-58.0,-40.0,-15.0,-66.0,-49.0,18.0,-45.6
5038,Asia,Laos,2020-04-09,-58.0,-39.0,-16.0,-67.0,-47.0,19.0,-45.4
5039,Asia,Laos,2020-04-10,-60.0,-38.0,-19.0,-68.0,-43.0,22.0,-45.6
5040,Asia,Laos,2020-04-11,-59.0,-40.0,-26.0,-68.0,-20.0,17.0,-42.6
5041,Asia,Laos,2020-04-12,-62.0,-42.0,-26.0,-70.0,-20.0,17.0,-44.0
5042,Asia,Laos,2020-04-13,-58.0,-35.0,-14.0,-68.0,-59.0,20.0,-46.8
5043,Asia,Laos,2020-04-14,-59.0,-38.0,-11.0,-67.0,-61.0,17.0,-47.2
5044,Asia,Laos,2020-04-15,-60.0,-40.0,-12.0,-67.0,-61.0,19.0,-48.0
5045,Asia,Laos,2020-04-16,-59.0,-41.0,-12.0,-67.0,-60.0,18.0,-47.8
5046,Asia,Laos,2020-04-17,-62.0,-42.0,-18.0,-72.0,-54.0,22.0,-49.6
5047,Asia,Laos,2020-04-18,-60.0,-41.0,-26.0,-67.0,-28.0,16.0,-44.4
5048,Asia,Laos,2020-04-19,-58.0,-41.0,-27.0,-67.0,-16.0,15.0,-41.8
5049,Asia,Laos,2020-04-20,-50.0,-32.0,-16.0,-60.0,-39.0,15.0,-39.4
5050,Asia,Laos,2020-04-21,-50.0,-30.0,-14.0,-59.0,-41.0,14.0,-38.8
5051,Asia,Laos,2020-04-22,-53.0,-38.0,-18.0,-61.0,-41.0,15.0,-42.2
5052,Asia,Laos,2020-04-23,-50.0,-34.0,-13.0,-61.0,-39.0,13.0,-39.4
5053,Asia,Laos,2020-04-24,-54.0,-38.0,-20.0,-64.0,-35.0,17.0,-42.2
5054,Asia,Laos,2020-04-25,-52.0,-33.0,-24.0,-63.0,-16.0,13.0,-37.6
5055,Asia,Laos,2020-04-26,-52.0,-35.0,-23.0,-64.0,-9.0,13.0,-36.6
5056,Asia,Laos,2020-04-27,-47.0,-30.0,-16.0,-59.0,-37.0,14.0,-37.8
5057,Asia,Laos,2020-04-28,-46.0,-27.0,-11.0,-58.0,-38.0,12.0,-36.0
5058,Asia,Laos,2020-04-29,-47.0,-30.0,-12.0,-58.0,-38.0,13.0,-37.0
5059,Asia,Laos,2020-04-30,-45.0,-26.0,-11.0,-56.0,-36.0,12.0,-34.8
5060,Asia,Laos,2020-05-01,-49.0,-29.0,-14.0,-62.0,-49.0,17.0,-40.6
5061,Asia,Laos,2020-05-02,-46.0,-27.0,-20.0,-58.0,-13.0,10.0,-32.8
5062,Asia,Laos,2020-05-03,-44.0,-26.0,-20.0,-58.0,-5.0,9.0,-30.6
5063,Asia,Laos,2020-05-04,-30.0,-15.0,-10.0,-48.0,-21.0,8.0,-24.8
5064,Asia,Laos,2020-05-05,-31.0,-12.0,-7.0,-44.0,-22.0,7.0,-23.2
5065,Asia,Laos,2020-05-06,-30.0,-12.0,-7.0,-45.0,-25.0,9.0,-23.8
5066,Asia,Laos,2020-05-07,-34.0,-17.0,-6.0,-45.0,-21.0,8.0,-24.6
5067,Asia,Laos,2020-05-08,-32.0,-14.0,-10.0,-45.0,-14.0,10.0,-23.0
5068,Asia,Laos,2020-05-09,-35.0,-17.0,-17.0,-48.0,-3.0,7.0,-24.0
5069,Asia,Laos,2020-05-10,-32.0,-14.0,-14.0,-47.0,1.0,5.0,-21.2
5070,Asia,Laos,2020-05-11,-30.0,-15.0,-8.0,-44.0,-20.0,7.0,-23.4
5071,Asia,Laos,2020-05-12,-26.0,-9.0,-6.0,-39.0,-20.0,7.0,-20.0
5072,Asia,Laos,2020-05-13,-29.0,-14.0,-9.0,-44.0,-21.0,8.0,-23.4
5429,Asia,Malaysia,2020-02-15,-4.0,-3.0,0.0,-3.0,2.0,2.0,-1.6
5430,Asia,Malaysia,2020-02-16,-6.0,-4.0,0.0,-3.0,0.0,2.0,-2.6
5431,Asia,Malaysia,2020-02-17,-5.0,-3.0,-4.0,-6.0,2.0,2.0,-3.2
5432,Asia,Malaysia,2020-02-18,-8.0,-7.0,-8.0,-9.0,2.0,2.0,-6.0
5433,Asia,Malaysia,2020-02-19,-6.0,-4.0,-3.0,-7.0,2.0,2.0,-3.6
5434,Asia,Malaysia,2020-02-20,-2.0,-4.0,-2.0,-5.0,2.0,1.0,-2.2
5435,Asia,Malaysia,2020-02-21,-4.0,-5.0,-3.0,-3.0,5.0,2.0,-2.0
5436,Asia,Malaysia,2020-02-22,-4.0,-6.0,2.0,-1.0,2.0,1.0,-1.4
5437,Asia,Malaysia,2020-02-23,-6.0,-6.0,0.0,-1.0,0.0,1.0,-2.6
5438,Asia,Malaysia,2020-02-24,-4.0,-4.0,-5.0,-6.0,2.0,2.0,-3.4
5439,Asia,Malaysia,2020-02-25,-4.0,-4.0,-4.0,-8.0,3.0,1.0,-3.4
5440,Asia,Malaysia,2020-02-26,-4.0,-4.0,-4.0,-7.0,3.0,1.0,-3.2
5441,Asia,Malaysia,2020-02-27,-3.0,-3.0,-3.0,-4.0,3.0,1.0,-2.0
5442,Asia,Malaysia,2020-02-28,0.0,-1.0,-1.0,0.0,6.0,1.0,0.8
5443,Asia,Malaysia,2020-02-29,3.0,1.0,6.0,3.0,2.0,0.0,3.0
5444,Asia,Malaysia,2020-03-01,0.0,1.0,4.0,4.0,0.0,0.0,1.8
5445,Asia,Malaysia,2020-03-02,-1.0,0.0,-4.0,-4.0,2.0,1.0,-1.4
5446,Asia,Malaysia,2020-03-03,-3.0,-2.0,-7.0,-8.0,3.0,1.0,-3.4
5447,Asia,Malaysia,2020-03-04,-2.0,1.0,-3.0,-7.0,2.0,2.0,-1.8
5448,Asia,Malaysia,2020-03-05,-3.0,-3.0,-7.0,-6.0,2.0,2.0,-3.4
5449,Asia,Malaysia,2020-03-06,-2.0,0.0,-4.0,-5.0,6.0,1.0,-1.0
5450,Asia,Malaysia,2020-03-07,-2.0,1.0,-2.0,-4.0,2.0,1.0,-1.0
5451,Asia,Malaysia,2020-03-08,-2.0,1.0,2.0,-1.0,1.0,1.0,0.2
5452,Asia,Malaysia,2020-03-09,-3.0,0.0,-4.0,-7.0,2.0,1.0,-2.4
5453,Asia,Malaysia,2020-03-10,-5.0,-2.0,-7.0,-10.0,2.0,1.0,-4.4
5454,Asia,Malaysia,2020-03-11,-5.0,-1.0,-7.0,-10.0,2.0,2.0,-4.2
5455,Asia,Malaysia,2020-03-12,-6.0,-2.0,-6.0,-7.0,2.0,2.0,-3.8
5456,Asia,Malaysia,2020-03-13,-5.0,1.0,-5.0,-2.0,4.0,1.0,-1.4
5457,Asia,Malaysia,2020-03-14,-9.0,-1.0,0.0,-1.0,-3.0,2.0,-2.8
5458,Asia,Malaysia,2020-03-15,-10.0,-3.0,6.0,-2.0,-9.0,2.0,-3.6
5459,Asia,Malaysia,2020-03-16,-3.0,25.0,7.0,-4.0,-11.0,2.0,2.8
5460,Asia,Malaysia,2020-03-17,-5.0,30.0,-5.0,3.0,-11.0,1.0,2.4
5461,Asia,Malaysia,2020-03-18,-56.0,-14.0,-32.0,-36.0,-50.0,23.0,-37.6
5462,Asia,Malaysia,2020-03-19,-67.0,-24.0,-45.0,-58.0,-56.0,30.0,-50.0
5463,Asia,Malaysia,2020-03-20,-72.0,-30.0,-56.0,-71.0,-59.0,35.0,-57.6
5464,Asia,Malaysia,2020-03-21,-77.0,-39.0,-65.0,-75.0,-55.0,32.0,-62.2
5465,Asia,Malaysia,2020-03-22,-83.0,-62.0,-68.0,-81.0,-55.0,31.0,-69.8
5466,Asia,Malaysia,2020-03-23,-78.0,-49.0,-57.0,-78.0,-69.0,38.0,-66.2
5467,Asia,Malaysia,2020-03-24,-78.0,-47.0,-57.0,-78.0,-68.0,37.0,-65.6
5468,Asia,Malaysia,2020-03-25,-76.0,-42.0,-56.0,-77.0,-67.0,37.0,-63.6
5469,Asia,Malaysia,2020-03-26,-76.0,-43.0,-57.0,-77.0,-67.0,38.0,-64.0
5470,Asia,Malaysia,2020-03-27,-77.0,-43.0,-62.0,-80.0,-64.0,39.0,-65.2
5471,Asia,Malaysia,2020-03-28,-80.0,-52.0,-68.0,-81.0,-56.0,35.0,-67.4
5472,Asia,Malaysia,2020-03-29,-81.0,-58.0,-68.0,-83.0,-52.0,31.0,-68.4
5473,Asia,Malaysia,2020-03-30,-76.0,-46.0,-57.0,-79.0,-65.0,37.0,-64.6
5474,Asia,Malaysia,2020-03-31,-76.0,-45.0,-57.0,-78.0,-65.0,36.0,-64.2
5475,Asia,Malaysia,2020-04-01,-77.0,-48.0,-57.0,-79.0,-65.0,36.0,-65.2
5476,Asia,Malaysia,2020-04-02,-77.0,-48.0,-58.0,-79.0,-65.0,39.0,-65.4
5477,Asia,Malaysia,2020-04-03,-78.0,-49.0,-62.0,-82.0,-63.0,40.0,-66.8
5478,Asia,Malaysia,2020-04-04,-81.0,-55.0,-69.0,-83.0,-55.0,36.0,-68.6
5479,Asia,Malaysia,2020-04-05,-81.0,-58.0,-68.0,-84.0,-51.0,31.0,-68.4
5480,Asia,Malaysia,2020-04-06,-75.0,-44.0,-57.0,-79.0,-64.0,37.0,-63.8
5481,Asia,Malaysia,2020-04-07,-75.0,-43.0,-57.0,-79.0,-65.0,36.0,-63.8
5482,Asia,Malaysia,2020-04-08,-76.0,-44.0,-57.0,-79.0,-65.0,37.0,-64.2
5483,Asia,Malaysia,2020-04-09,-74.0,-42.0,-58.0,-79.0,-64.0,38.0,-63.4
5484,Asia,Malaysia,2020-04-10,-77.0,-46.0,-62.0,-82.0,-63.0,40.0,-66.0
5485,Asia,Malaysia,2020-04-11,-78.0,-49.0,-68.0,-82.0,-53.0,35.0,-66.0
5486,Asia,Malaysia,2020-04-12,-80.0,-55.0,-67.0,-83.0,-50.0,31.0,-67.0
5487,Asia,Malaysia,2020-04-13,-73.0,-41.0,-56.0,-78.0,-62.0,36.0,-62.0
5488,Asia,Malaysia,2020-04-14,-74.0,-44.0,-56.0,-78.0,-63.0,36.0,-63.0
5489,Asia,Malaysia,2020-04-15,-76.0,-46.0,-57.0,-79.0,-63.0,38.0,-64.2
5490,Asia,Malaysia,2020-04-16,-79.0,-42.0,-54.0,-77.0,-63.0,39.0,-63.0
5491,Asia,Malaysia,2020-04-17,-81.0,-44.0,-59.0,-80.0,-61.0,40.0,-65.0
5492,Asia,Malaysia,2020-04-18,-84.0,-56.0,-69.0,-82.0,-53.0,36.0,-68.8
5493,Asia,Malaysia,2020-04-19,-84.0,-58.0,-68.0,-83.0,-49.0,31.0,-68.4
5494,Asia,Malaysia,2020-04-20,-78.0,-45.0,-56.0,-78.0,-61.0,36.0,-63.6
5495,Asia,Malaysia,2020-04-21,-78.0,-44.0,-56.0,-77.0,-61.0,35.0,-63.2
5496,Asia,Malaysia,2020-04-22,-79.0,-44.0,-56.0,-77.0,-60.0,36.0,-63.2
5497,Asia,Malaysia,2020-04-23,-75.0,-37.0,-56.0,-76.0,-60.0,36.0,-60.8
5498,Asia,Malaysia,2020-04-24,-81.0,-44.0,-63.0,-82.0,-61.0,40.0,-66.2
5499,Asia,Malaysia,2020-04-25,-83.0,-50.0,-69.0,-82.0,-51.0,35.0,-67.0
5500,Asia,Malaysia,2020-04-26,-83.0,-54.0,-68.0,-83.0,-49.0,31.0,-67.4
5501,Asia,Malaysia,2020-04-27,-78.0,-42.0,-56.0,-78.0,-58.0,36.0,-62.4
5502,Asia,Malaysia,2020-04-28,-78.0,-42.0,-56.0,-77.0,-59.0,34.0,-62.4
5503,Asia,Malaysia,2020-04-29,-78.0,-41.0,-55.0,-76.0,-58.0,34.0,-61.6
5504,Asia,Malaysia,2020-04-30,-76.0,-33.0,-56.0,-73.0,-56.0,35.0,-58.8
5505,Asia,Malaysia,2020-05-01,-79.0,-35.0,-63.0,-78.0,-70.0,41.0,-65.0
5506,Asia,Malaysia,2020-05-02,-80.0,-41.0,-67.0,-75.0,-45.0,33.0,-61.6
5507,Asia,Malaysia,2020-05-03,-80.0,-45.0,-66.0,-77.0,-44.0,29.0,-62.4
5508,Asia,Malaysia,2020-05-04,-70.0,-26.0,-53.0,-66.0,-45.0,29.0,-52.0
5509,Asia,Malaysia,2020-05-05,-68.0,-23.0,-52.0,-64.0,-45.0,28.0,-50.4
5510,Asia,Malaysia,2020-05-06,-66.0,-18.0,-50.0,-61.0,-44.0,27.0,-47.8
5511,Asia,Malaysia,2020-05-07,-64.0,-15.0,-50.0,-64.0,-59.0,32.0,-50.4
5512,Asia,Malaysia,2020-05-08,-65.0,-19.0,-53.0,-62.0,-39.0,28.0,-47.6
5513,Asia,Malaysia,2020-05-09,-66.0,-23.0,-59.0,-61.0,-31.0,25.0,-48.0
5514,Asia,Malaysia,2020-05-10,-65.0,-26.0,-58.0,-62.0,-33.0,21.0,-48.8
5515,Asia,Malaysia,2020-05-11,-60.0,-12.0,-47.0,-60.0,-49.0,27.0,-45.6
5516,Asia,Malaysia,2020-05-12,-60.0,-15.0,-47.0,-56.0,-36.0,23.0,-42.8
5517,Asia,Malaysia,2020-05-13,-58.0,-11.0,-45.0,-54.0,-34.0,23.0,-40.4
7387,Asia,Philippines,2020-02-15,7.0,4.0,-1.0,1.0,6.0,0.0,3.4
7388,Asia,Philippines,2020-02-16,3.0,5.0,-2.0,-3.0,1.0,1.0,0.8
7389,Asia,Philippines,2020-02-17,-1.0,0.0,-3.0,-2.0,8.0,1.0,0.4
7390,Asia,Philippines,2020-02-18,0.0,1.0,-3.0,0.0,5.0,0.0,0.6
7391,Asia,Philippines,2020-02-19,-3.0,-3.0,-4.0,-6.0,5.0,1.0,-2.2
7392,Asia,Philippines,2020-02-20,-2.0,-2.0,-5.0,-5.0,6.0,0.0,-1.6
7393,Asia,Philippines,2020-02-21,-2.0,-2.0,-8.0,-6.0,8.0,1.0,-2.0
7394,Asia,Philippines,2020-02-22,1.0,0.0,-1.0,-1.0,7.0,0.0,1.2
7395,Asia,Philippines,2020-02-23,-3.0,0.0,0.0,-7.0,2.0,1.0,-1.6
7396,Asia,Philippines,2020-02-24,1.0,-1.0,6.0,-4.0,4.0,1.0,1.2
7397,Asia,Philippines,2020-02-25,0.0,-2.0,11.0,-18.0,-43.0,11.0,-10.4
7398,Asia,Philippines,2020-02-26,-3.0,-1.0,0.0,-3.0,6.0,0.0,-0.2
7399,Asia,Philippines,2020-02-27,-2.0,-1.0,-4.0,-6.0,6.0,0.0,-1.4
7400,Asia,Philippines,2020-02-28,-1.0,1.0,-6.0,-6.0,8.0,0.0,-0.8
7401,Asia,Philippines,2020-02-29,5.0,6.0,-1.0,0.0,9.0,0.0,3.8
7402,Asia,Philippines,2020-03-01,2.0,7.0,0.0,-5.0,5.0,1.0,1.8
7403,Asia,Philippines,2020-03-02,0.0,2.0,-2.0,-5.0,9.0,0.0,0.8
7404,Asia,Philippines,2020-03-03,1.0,2.0,-2.0,-4.0,7.0,0.0,0.8
7405,Asia,Philippines,2020-03-04,-1.0,2.0,-1.0,-7.0,6.0,1.0,-0.2
7406,Asia,Philippines,2020-03-05,0.0,2.0,-3.0,-6.0,7.0,0.0,0.0
7407,Asia,Philippines,2020-03-06,-3.0,-1.0,-9.0,-8.0,8.0,1.0,-2.6
7408,Asia,Philippines,2020-03-07,0.0,2.0,-1.0,-4.0,7.0,1.0,0.8
7409,Asia,Philippines,2020-03-08,-4.0,2.0,-2.0,-9.0,3.0,1.0,-2.0
7410,Asia,Philippines,2020-03-09,-3.0,1.0,-1.0,-7.0,7.0,1.0,-0.6
7411,Asia,Philippines,2020-03-10,-4.0,3.0,-5.0,-11.0,-4.0,3.0,-4.2
7412,Asia,Philippines,2020-03-11,-8.0,5.0,-6.0,-17.0,-5.0,4.0,-6.2
7413,Asia,Philippines,2020-03-12,-8.0,8.0,-8.0,-17.0,-6.0,5.0,-6.2
7414,Asia,Philippines,2020-03-13,-12.0,9.0,-16.0,-17.0,-9.0,7.0,-9.0
7415,Asia,Philippines,2020-03-14,-18.0,5.0,-20.0,-15.0,-6.0,6.0,-10.8
7416,Asia,Philippines,2020-03-15,-40.0,-10.0,-29.0,-42.0,-10.0,11.0,-26.2
7417,Asia,Philippines,2020-03-16,-34.0,-4.0,-18.0,-42.0,-31.0,15.0,-25.8
7418,Asia,Philippines,2020-03-17,-57.0,-21.0,-30.0,-63.0,-55.0,24.0,-45.2
7419,Asia,Philippines,2020-03-18,-66.0,-36.0,-36.0,-72.0,-62.0,28.0,-54.4
7420,Asia,Philippines,2020-03-19,-69.0,-41.0,-39.0,-75.0,-65.0,30.0,-57.8
7421,Asia,Philippines,2020-03-20,-73.0,-45.0,-47.0,-79.0,-66.0,33.0,-62.0
7422,Asia,Philippines,2020-03-21,-75.0,-48.0,-52.0,-78.0,-57.0,27.0,-62.0
7423,Asia,Philippines,2020-03-22,-79.0,-53.0,-56.0,-79.0,-50.0,24.0,-63.4
7424,Asia,Philippines,2020-03-23,-75.0,-50.0,-45.0,-81.0,-69.0,33.0,-64.0
7425,Asia,Philippines,2020-03-24,-76.0,-51.0,-47.0,-81.0,-71.0,33.0,-65.2
7426,Asia,Philippines,2020-03-25,-76.0,-51.0,-46.0,-81.0,-72.0,34.0,-65.2
7427,Asia,Philippines,2020-03-26,-76.0,-52.0,-47.0,-81.0,-72.0,34.0,-65.6
7428,Asia,Philippines,2020-03-27,-77.0,-51.0,-52.0,-83.0,-72.0,37.0,-67.0
7429,Asia,Philippines,2020-03-28,-78.0,-53.0,-56.0,-82.0,-62.0,30.0,-66.2
7430,Asia,Philippines,2020-03-29,-81.0,-59.0,-59.0,-82.0,-54.0,26.0,-67.0
7431,Asia,Philippines,2020-03-30,-79.0,-59.0,-48.0,-84.0,-73.0,35.0,-68.6
7432,Asia,Philippines,2020-03-31,-79.0,-57.0,-49.0,-83.0,-74.0,35.0,-68.4
7433,Asia,Philippines,2020-04-01,-79.0,-58.0,-48.0,-84.0,-74.0,35.0,-68.6
7434,Asia,Philippines,2020-04-02,-80.0,-58.0,-49.0,-84.0,-74.0,36.0,-69.0
7435,Asia,Philippines,2020-04-03,-80.0,-58.0,-54.0,-85.0,-73.0,39.0,-70.0
7436,Asia,Philippines,2020-04-04,-80.0,-58.0,-57.0,-84.0,-63.0,31.0,-68.4
7437,Asia,Philippines,2020-04-05,-82.0,-62.0,-60.0,-84.0,-54.0,26.0,-68.4
7438,Asia,Philippines,2020-04-06,-78.0,-57.0,-48.0,-84.0,-72.0,35.0,-67.8
7439,Asia,Philippines,2020-04-07,-77.0,-54.0,-48.0,-83.0,-74.0,35.0,-67.2
7440,Asia,Philippines,2020-04-08,-76.0,-50.0,-47.0,-83.0,-74.0,34.0,-66.0
7441,Asia,Philippines,2020-04-09,-85.0,-65.0,-51.0,-86.0,-80.0,38.0,-73.4
7442,Asia,Philippines,2020-04-10,-90.0,-78.0,-59.0,-90.0,-82.0,43.0,-79.8
7443,Asia,Philippines,2020-04-11,-82.0,-60.0,-59.0,-86.0,-67.0,32.0,-70.8
7444,Asia,Philippines,2020-04-12,-82.0,-62.0,-60.0,-84.0,-55.0,26.0,-68.6
7445,Asia,Philippines,2020-04-13,-76.0,-53.0,-47.0,-83.0,-71.0,35.0,-66.0
7446,Asia,Philippines,2020-04-14,-76.0,-52.0,-48.0,-82.0,-73.0,35.0,-66.2
7447,Asia,Philippines,2020-04-15,-76.0,-53.0,-48.0,-83.0,-72.0,35.0,-66.4
7448,Asia,Philippines,2020-04-16,-77.0,-54.0,-48.0,-84.0,-72.0,36.0,-67.0
7449,Asia,Philippines,2020-04-17,-79.0,-56.0,-53.0,-85.0,-71.0,39.0,-68.8
7450,Asia,Philippines,2020-04-18,-81.0,-61.0,-60.0,-84.0,-62.0,30.0,-69.6
7451,Asia,Philippines,2020-04-19,-83.0,-66.0,-63.0,-85.0,-54.0,26.0,-70.2
7452,Asia,Philippines,2020-04-20,-78.0,-58.0,-50.0,-84.0,-71.0,35.0,-68.2
7453,Asia,Philippines,2020-04-21,-79.0,-60.0,-51.0,-84.0,-72.0,35.0,-69.2
7454,Asia,Philippines,2020-04-22,-80.0,-62.0,-51.0,-85.0,-72.0,35.0,-70.0
7455,Asia,Philippines,2020-04-23,-80.0,-62.0,-53.0,-85.0,-72.0,36.0,-70.4
7456,Asia,Philippines,2020-04-24,-81.0,-63.0,-57.0,-86.0,-71.0,38.0,-71.6
7457,Asia,Philippines,2020-04-25,-81.0,-62.0,-60.0,-85.0,-61.0,31.0,-69.8
7458,Asia,Philippines,2020-04-26,-84.0,-69.0,-63.0,-85.0,-53.0,27.0,-70.8
7459,Asia,Philippines,2020-04-27,-78.0,-60.0,-50.0,-84.0,-69.0,35.0,-68.2
7460,Asia,Philippines,2020-04-28,-77.0,-58.0,-50.0,-83.0,-71.0,35.0,-67.8
7461,Asia,Philippines,2020-04-29,-77.0,-57.0,-48.0,-83.0,-70.0,34.0,-67.0
7462,Asia,Philippines,2020-04-30,-82.0,-50.0,-54.0,-79.0,-69.0,34.0,-66.8
7463,Asia,Philippines,2020-05-01,-84.0,-53.0,-59.0,-82.0,-74.0,39.0,-70.4
7464,Asia,Philippines,2020-05-02,-84.0,-53.0,-62.0,-79.0,-58.0,30.0,-67.2
7465,Asia,Philippines,2020-05-03,-87.0,-63.0,-66.0,-81.0,-51.0,26.0,-69.6
7466,Asia,Philippines,2020-05-04,-81.0,-51.0,-53.0,-78.0,-66.0,33.0,-65.8
7467,Asia,Philippines,2020-05-05,-81.0,-48.0,-53.0,-77.0,-67.0,33.0,-65.2
7468,Asia,Philippines,2020-05-06,-80.0,-47.0,-52.0,-76.0,-67.0,33.0,-64.4
7469,Asia,Philippines,2020-05-07,-80.0,-47.0,-52.0,-77.0,-67.0,33.0,-64.6
7470,Asia,Philippines,2020-05-08,-80.0,-47.0,-56.0,-78.0,-65.0,36.0,-65.2
7471,Asia,Philippines,2020-05-09,-79.0,-45.0,-59.0,-75.0,-53.0,28.0,-62.2
7472,Asia,Philippines,2020-05-10,-81.0,-51.0,-61.0,-76.0,-45.0,24.0,-62.8
7473,Asia,Philippines,2020-05-11,-78.0,-45.0,-50.0,-75.0,-63.0,33.0,-62.2
7474,Asia,Philippines,2020-05-12,-78.0,-44.0,-51.0,-75.0,-65.0,33.0,-62.6
7475,Asia,Philippines,2020-05-13,-78.0,-44.0,-51.0,-76.0,-64.0,33.0,-62.6
8188,Asia,Singapore,2020-02-15,-14.0,-9.0,-10.0,-17.0,-4.0,8.0,-10.8
8189,Asia,Singapore,2020-02-16,-19.0,-17.0,-18.0,-22.0,-7.0,8.0,-16.6
8190,Asia,Singapore,2020-02-17,-12.0,-6.0,-7.0,-14.0,-4.0,7.0,-8.6
8191,Asia,Singapore,2020-02-18,-13.0,-9.0,-7.0,-15.0,-5.0,7.0,-9.8
8192,Asia,Singapore,2020-02-19,-14.0,-14.0,-6.0,-15.0,-5.0,8.0,-10.8
8193,Asia,Singapore,2020-02-20,-14.0,-13.0,-10.0,-12.0,-5.0,7.0,-10.8
8194,Asia,Singapore,2020-02-21,-11.0,-12.0,-14.0,-12.0,0.0,8.0,-9.8
8195,Asia,Singapore,2020-02-22,-11.0,-9.0,-5.0,-16.0,-3.0,6.0,-8.8
8196,Asia,Singapore,2020-02-23,-14.0,-12.0,-3.0,-19.0,-5.0,6.0,-10.6
8197,Asia,Singapore,2020-02-24,-12.0,-8.0,-12.0,-14.0,-3.0,7.0,-9.8
8198,Asia,Singapore,2020-02-25,-10.0,-6.0,-2.0,-13.0,-3.0,6.0,-6.8
8199,Asia,Singapore,2020-02-26,-12.0,-13.0,-4.0,-14.0,-4.0,7.0,-9.4
8200,Asia,Singapore,2020-02-27,-12.0,-9.0,-5.0,-9.0,-4.0,6.0,-7.8
8201,Asia,Singapore,2020-02-28,-8.0,-10.0,-8.0,-11.0,1.0,7.0,-7.2
8202,Asia,Singapore,2020-02-29,-8.0,-7.0,-2.0,-13.0,0.0,5.0,-6.0
8203,Asia,Singapore,2020-03-01,-11.0,-9.0,-1.0,-16.0,-3.0,5.0,-8.0
8204,Asia,Singapore,2020-03-02,-8.0,-5.0,-7.0,-12.0,-2.0,6.0,-6.8
8205,Asia,Singapore,2020-03-03,-8.0,-5.0,-3.0,-13.0,-1.0,6.0,-6.0
8206,Asia,Singapore,2020-03-04,-11.0,-12.0,-7.0,-12.0,-2.0,6.0,-8.8
8207,Asia,Singapore,2020-03-05,-12.0,-11.0,-13.0,-9.0,-2.0,6.0,-9.4
8208,Asia,Singapore,2020-03-06,-8.0,-9.0,-8.0,-10.0,3.0,7.0,-6.4
8209,Asia,Singapore,2020-03-07,-10.0,-8.0,-16.0,-15.0,0.0,6.0,-9.8
8210,Asia,Singapore,2020-03-08,-11.0,-10.0,-7.0,-16.0,-2.0,5.0,-9.2
8211,Asia,Singapore,2020-03-09,-11.0,-7.0,-9.0,-14.0,-1.0,6.0,-8.4
8212,Asia,Singapore,2020-03-10,-11.0,-7.0,-4.0,-13.0,-1.0,6.0,-7.2
8213,Asia,Singapore,2020-03-11,-13.0,-12.0,-9.0,-13.0,-2.0,7.0,-9.8
8214,Asia,Singapore,2020-03-12,-13.0,-9.0,-8.0,-9.0,-2.0,6.0,-8.2
8215,Asia,Singapore,2020-03-13,-10.0,-10.0,-9.0,-12.0,1.0,8.0,-8.0
8216,Asia,Singapore,2020-03-14,-11.0,-8.0,-1.0,-15.0,0.0,6.0,-7.0
8217,Asia,Singapore,2020-03-15,-14.0,-10.0,4.0,-18.0,-3.0,6.0,-8.2
8218,Asia,Singapore,2020-03-16,-10.0,-2.0,1.0,-16.0,-11.0,9.0,-7.6
8219,Asia,Singapore,2020-03-17,-8.0,16.0,2.0,-16.0,-12.0,9.0,-3.6
8220,Asia,Singapore,2020-03-18,-11.0,-2.0,-3.0,-19.0,-14.0,11.0,-9.8
8221,Asia,Singapore,2020-03-19,-13.0,-1.0,-2.0,-19.0,-16.0,12.0,-10.2
8222,Asia,Singapore,2020-03-20,-11.0,-6.0,-6.0,-21.0,-13.0,15.0,-11.4
8223,Asia,Singapore,2020-03-21,-13.0,-4.0,-15.0,-23.0,-3.0,11.0,-11.6
8224,Asia,Singapore,2020-03-22,-18.0,-8.0,-18.0,-31.0,-8.0,11.0,-16.6
8225,Asia,Singapore,2020-03-23,-16.0,-3.0,-23.0,-24.0,-11.0,12.0,-15.4
8226,Asia,Singapore,2020-03-24,-13.0,3.0,-9.0,-23.0,-13.0,12.0,-11.0
8227,Asia,Singapore,2020-03-25,-16.0,-1.0,-13.0,-25.0,-15.0,14.0,-14.0
8228,Asia,Singapore,2020-03-26,-18.0,4.0,-15.0,-25.0,-16.0,14.0,-14.0
8229,Asia,Singapore,2020-03-27,-20.0,-1.0,-24.0,-27.0,-14.0,18.0,-17.2
8230,Asia,Singapore,2020-03-28,-23.0,3.0,-15.0,-33.0,-8.0,15.0,-15.2
8231,Asia,Singapore,2020-03-29,-28.0,-6.0,-12.0,-40.0,-15.0,15.0,-20.2
8232,Asia,Singapore,2020-03-30,-21.0,-1.0,-16.0,-29.0,-18.0,16.0,-17.0
8233,Asia,Singapore,2020-03-31,-20.0,1.0,-10.0,-29.0,-18.0,15.0,-15.2
8234,Asia,Singapore,2020-04-01,-23.0,-9.0,-15.0,-31.0,-22.0,18.0,-20.0
8235,Asia,Singapore,2020-04-02,-25.0,-5.0,-22.0,-33.0,-27.0,19.0,-22.4
8236,Asia,Singapore,2020-04-03,-21.0,18.0,-29.0,-32.0,-20.0,21.0,-16.8
8237,Asia,Singapore,2020-04-04,-24.0,8.0,-27.0,-36.0,-7.0,15.0,-17.2
8238,Asia,Singapore,2020-04-05,-23.0,-1.0,-27.0,-40.0,-10.0,14.0,-20.2
8239,Asia,Singapore,2020-04-06,-15.0,12.0,-26.0,-32.0,-24.0,16.0,-17.0
8240,Asia,Singapore,2020-04-07,-51.0,-6.0,-37.0,-54.0,-52.0,32.0,-40.0
8241,Asia,Singapore,2020-04-08,-59.0,-21.0,-46.0,-63.0,-63.0,39.0,-50.4
8242,Asia,Singapore,2020-04-09,-57.0,-12.0,-37.0,-63.0,-64.0,38.0,-46.6
8243,Asia,Singapore,2020-04-10,-63.0,-13.0,-44.0,-75.0,-83.0,53.0,-55.6
8244,Asia,Singapore,2020-04-11,-61.0,-21.0,-51.0,-66.0,-51.0,32.0,-50.0
8245,Asia,Singapore,2020-04-12,-64.0,-31.0,-57.0,-70.0,-49.0,27.0,-54.2
8246,Asia,Singapore,2020-04-13,-60.0,-21.0,-53.0,-66.0,-64.0,40.0,-52.8
8247,Asia,Singapore,2020-04-14,-58.0,-14.0,-48.0,-65.0,-65.0,40.0,-50.0
8248,Asia,Singapore,2020-04-15,-60.0,-22.0,-52.0,-66.0,-66.0,42.0,-53.2
8249,Asia,Singapore,2020-04-16,-61.0,-19.0,-52.0,-66.0,-66.0,42.0,-52.8
8250,Asia,Singapore,2020-04-17,-60.0,-17.0,-57.0,-65.0,-65.0,47.0,-52.8
8251,Asia,Singapore,2020-04-18,-65.0,-22.0,-62.0,-66.0,-51.0,32.0,-53.2
8252,Asia,Singapore,2020-04-19,-66.0,-28.0,-61.0,-69.0,-49.0,27.0,-54.6
8253,Asia,Singapore,2020-04-20,-65.0,-20.0,-57.0,-68.0,-66.0,41.0,-55.2
8254,Asia,Singapore,2020-04-21,-64.0,-20.0,-60.0,-69.0,-67.0,42.0,-56.0
8255,Asia,Singapore,2020-04-22,-66.0,-25.0,-64.0,-69.0,-68.0,44.0,-58.4
8256,Asia,Singapore,2020-04-23,-68.0,-26.0,-66.0,-70.0,-69.0,44.0,-59.8
8257,Asia,Singapore,2020-04-24,-70.0,-29.0,-73.0,-71.0,-67.0,49.0,-62.0
8258,Asia,Singapore,2020-04-25,-68.0,-27.0,-71.0,-70.0,-55.0,34.0,-58.2
8259,Asia,Singapore,2020-04-26,-70.0,-35.0,-72.0,-72.0,-52.0,28.0,-60.2
8260,Asia,Singapore,2020-04-27,-67.0,-24.0,-65.0,-70.0,-68.0,43.0,-58.8
8261,Asia,Singapore,2020-04-28,-66.0,-22.0,-63.0,-69.0,-68.0,42.0,-57.6
8262,Asia,Singapore,2020-04-29,-67.0,-29.0,-63.0,-69.0,-69.0,43.0,-59.4
8263,Asia,Singapore,2020-04-30,-67.0,-24.0,-70.0,-67.0,-69.0,43.0,-59.4
8264,Asia,Singapore,2020-05-01,-68.0,-17.0,-73.0,-74.0,-83.0,55.0,-63.0
8265,Asia,Singapore,2020-05-02,-67.0,-22.0,-69.0,-67.0,-54.0,33.0,-55.8
8266,Asia,Singapore,2020-05-03,-69.0,-32.0,-70.0,-69.0,-49.0,28.0,-57.8
8267,Asia,Singapore,2020-05-04,-66.0,-21.0,-67.0,-68.0,-67.0,42.0,-57.8
8268,Asia,Singapore,2020-05-05,-65.0,-18.0,-63.0,-67.0,-67.0,42.0,-56.0
8269,Asia,Singapore,2020-05-06,-64.0,-19.0,-65.0,-66.0,-67.0,43.0,-56.2
8270,Asia,Singapore,2020-05-07,-66.0,-14.0,-60.0,-72.0,-83.0,48.0,-59.0
8271,Asia,Singapore,2020-05-08,-67.0,-19.0,-68.0,-66.0,-66.0,48.0,-57.2
8272,Asia,Singapore,2020-05-09,-65.0,-19.0,-68.0,-64.0,-51.0,32.0,-53.4
8273,Asia,Singapore,2020-05-10,-65.0,-29.0,-69.0,-67.0,-46.0,27.0,-55.2
8274,Asia,Singapore,2020-05-11,-66.0,-23.0,-64.0,-66.0,-66.0,42.0,-57.0
8275,Asia,Singapore,2020-05-12,-61.0,-15.0,-59.0,-64.0,-65.0,41.0,-52.8
8276,Asia,Singapore,2020-05-13,-63.0,-22.0,-62.0,-64.0,-65.0,43.0,-55.2
8900,Asia,Taiwan,2020-02-15,-9.0,-4.0,-2.0,-10.0,56.0,-1.0,6.2
8901,Asia,Taiwan,2020-02-16,-14.0,-8.0,-21.0,-22.0,-8.0,5.0,-14.6
8902,Asia,Taiwan,2020-02-17,-7.0,-3.0,-14.0,-17.0,-3.0,6.0,-8.8
8903,Asia,Taiwan,2020-02-18,-7.0,-2.0,-3.0,-15.0,2.0,5.0,-5.0
8904,Asia,Taiwan,2020-02-19,-7.0,-4.0,8.0,-12.0,3.0,4.0,-2.4
8905,Asia,Taiwan,2020-02-20,-5.0,-5.0,-4.0,-15.0,2.0,1.0,-5.4
8906,Asia,Taiwan,2020-02-21,-3.0,0.0,6.0,-12.0,0.0,5.0,-1.8
8907,Asia,Taiwan,2020-02-22,-8.0,1.0,3.0,-17.0,5.0,3.0,-3.2
8908,Asia,Taiwan,2020-02-23,-4.0,4.0,24.0,-15.0,-2.0,2.0,1.4
8909,Asia,Taiwan,2020-02-24,-3.0,1.0,6.0,-14.0,1.0,4.0,-1.8
8910,Asia,Taiwan,2020-02-25,-8.0,0.0,4.0,-12.0,11.0,2.0,-1.0
8911,Asia,Taiwan,2020-02-26,-10.0,-3.0,3.0,-11.0,11.0,2.0,-2.0
8912,Asia,Taiwan,2020-02-27,-3.0,-1.0,-9.0,-4.0,9.0,-3.0,-1.6
8913,Asia,Taiwan,2020-02-28,8.0,11.0,65.0,-14.0,-50.0,12.0,4.0
8914,Asia,Taiwan,2020-02-29,-7.0,1.0,31.0,-16.0,-4.0,3.0,1.0
8915,Asia,Taiwan,2020-03-01,-7.0,2.0,21.0,-11.0,0.0,1.0,1.0
8916,Asia,Taiwan,2020-03-02,-9.0,-1.0,-10.0,-14.0,10.0,2.0,-4.8
8917,Asia,Taiwan,2020-03-03,-10.0,-1.0,-2.0,-15.0,14.0,2.0,-2.8
8918,Asia,Taiwan,2020-03-04,-15.0,-7.0,-14.0,-16.0,14.0,2.0,-7.6
8919,Asia,Taiwan,2020-03-05,-14.0,-3.0,-30.0,-18.0,11.0,0.0,-10.8
8920,Asia,Taiwan,2020-03-06,-5.0,4.0,-1.0,-9.0,10.0,1.0,-0.2
8921,Asia,Taiwan,2020-03-07,-5.0,7.0,9.0,-18.0,11.0,2.0,0.8
8922,Asia,Taiwan,2020-03-08,-4.0,7.0,26.0,-16.0,3.0,2.0,3.2
8923,Asia,Taiwan,2020-03-09,-9.0,1.0,-3.0,-14.0,10.0,2.0,-3.0
8924,Asia,Taiwan,2020-03-10,-18.0,-4.0,-29.0,-18.0,11.0,4.0,-11.6
8925,Asia,Taiwan,2020-03-11,-9.0,1.0,-4.0,-12.0,14.0,1.0,-2.0
8926,Asia,Taiwan,2020-03-12,-10.0,-4.0,-15.0,-15.0,12.0,-2.0,-6.4
8927,Asia,Taiwan,2020-03-13,-13.0,-4.0,-21.0,-12.0,9.0,3.0,-8.2
8928,Asia,Taiwan,2020-03-14,-14.0,-1.0,-28.0,-25.0,6.0,6.0,-12.4
8929,Asia,Taiwan,2020-03-15,-2.0,7.0,31.0,-13.0,1.0,2.0,4.8
8930,Asia,Taiwan,2020-03-16,-7.0,3.0,0.0,-13.0,10.0,2.0,-1.4
8931,Asia,Taiwan,2020-03-17,-10.0,2.0,-3.0,-15.0,14.0,2.0,-2.4
8932,Asia,Taiwan,2020-03-18,-15.0,2.0,-11.0,-15.0,13.0,2.0,-5.2
8933,Asia,Taiwan,2020-03-19,-18.0,6.0,-29.0,-21.0,11.0,0.0,-10.2
8934,Asia,Taiwan,2020-03-20,-8.0,12.0,-5.0,-12.0,9.0,2.0,-0.8
8935,Asia,Taiwan,2020-03-21,-10.0,8.0,4.0,-23.0,9.0,3.0,-2.4
8936,Asia,Taiwan,2020-03-22,-8.0,6.0,24.0,-22.0,0.0,3.0,0.0
8937,Asia,Taiwan,2020-03-23,-12.0,4.0,-9.0,-19.0,8.0,3.0,-5.6
8938,Asia,Taiwan,2020-03-24,-13.0,3.0,-5.0,-19.0,12.0,3.0,-4.4
8939,Asia,Taiwan,2020-03-25,-14.0,2.0,0.0,-17.0,12.0,2.0,-3.4
8940,Asia,Taiwan,2020-03-26,-13.0,0.0,-10.0,-20.0,10.0,-1.0,-6.6
8941,Asia,Taiwan,2020-03-27,-13.0,0.0,-11.0,-17.0,7.0,3.0,-6.8
8942,Asia,Taiwan,2020-03-28,-21.0,-6.0,-33.0,-34.0,3.0,7.0,-18.2
8943,Asia,Taiwan,2020-03-29,-9.0,3.0,17.0,-24.0,-1.0,4.0,-2.8
8944,Asia,Taiwan,2020-03-30,-14.0,-2.0,-13.0,-20.0,6.0,4.0,-8.6
8945,Asia,Taiwan,2020-03-31,-11.0,1.0,-6.0,-17.0,9.0,3.0,-4.8
8946,Asia,Taiwan,2020-04-01,-10.0,2.0,-10.0,-6.0,7.0,1.0,-3.4
8947,Asia,Taiwan,2020-04-02,-1.0,8.0,10.0,-26.0,-50.0,11.0,-11.8
8948,Asia,Taiwan,2020-04-03,-1.0,10.0,40.0,-31.0,-55.0,16.0,-7.4
8949,Asia,Taiwan,2020-04-04,-24.0,-6.0,-7.0,-33.0,-23.0,7.0,-18.6
8950,Asia,Taiwan,2020-04-05,-22.0,-7.0,-12.0,-28.0,-9.0,6.0,-15.6
8951,Asia,Taiwan,2020-04-06,-20.0,-3.0,-28.0,-21.0,3.0,5.0,-13.8
8952,Asia,Taiwan,2020-04-07,-15.0,5.0,-18.0,-22.0,7.0,4.0,-8.6
8953,Asia,Taiwan,2020-04-08,-16.0,-1.0,-8.0,-21.0,8.0,3.0,-7.6
8954,Asia,Taiwan,2020-04-09,-13.0,2.0,-12.0,-23.0,7.0,0.0,-7.8
8955,Asia,Taiwan,2020-04-10,-8.0,7.0,-1.0,-17.0,4.0,3.0,-3.0
8956,Asia,Taiwan,2020-04-11,-18.0,0.0,-20.0,-32.0,4.0,6.0,-13.2
8957,Asia,Taiwan,2020-04-12,-14.0,1.0,-10.0,-33.0,-5.0,7.0,-12.2
8958,Asia,Taiwan,2020-04-13,-11.0,3.0,-6.0,-21.0,5.0,4.0,-6.0
8959,Asia,Taiwan,2020-04-14,-11.0,3.0,-1.0,-20.0,8.0,3.0,-4.2
8960,Asia,Taiwan,2020-04-15,-13.0,1.0,1.0,-18.0,8.0,3.0,-4.2
8961,Asia,Taiwan,2020-04-16,-11.0,-1.0,-5.0,-20.0,7.0,0.0,-6.0
8962,Asia,Taiwan,2020-04-17,-8.0,2.0,2.0,-15.0,3.0,3.0,-3.2
8963,Asia,Taiwan,2020-04-18,-11.0,2.0,5.0,-24.0,5.0,4.0,-4.6
8964,Asia,Taiwan,2020-04-19,-10.0,1.0,19.0,-25.0,-4.0,4.0,-3.8
8965,Asia,Taiwan,2020-04-20,-14.0,3.0,-6.0,-21.0,5.0,3.0,-6.6
8966,Asia,Taiwan,2020-04-21,-18.0,-1.0,-12.0,-23.0,8.0,4.0,-9.2
8967,Asia,Taiwan,2020-04-22,-19.0,-1.0,-16.0,-23.0,8.0,4.0,-10.2
8968,Asia,Taiwan,2020-04-23,-21.0,-5.0,-32.0,-26.0,6.0,1.0,-15.6
8969,Asia,Taiwan,2020-04-24,-17.0,1.0,-24.0,-21.0,3.0,5.0,-11.6
8970,Asia,Taiwan,2020-04-25,-15.0,2.0,-9.0,-31.0,4.0,5.0,-9.8
8971,Asia,Taiwan,2020-04-26,-14.0,-1.0,4.0,-31.0,-5.0,6.0,-9.4
8972,Asia,Taiwan,2020-04-27,-15.0,0.0,-10.0,-22.0,5.0,4.0,-8.4
8973,Asia,Taiwan,2020-04-28,-13.0,2.0,0.0,-20.0,9.0,2.0,-4.4
8974,Asia,Taiwan,2020-04-29,-14.0,-1.0,3.0,-18.0,8.0,0.0,-4.4
8975,Asia,Taiwan,2020-04-30,-8.0,5.0,-4.0,-15.0,6.0,-2.0,-3.2
8976,Asia,Taiwan,2020-05-01,3.0,15.0,39.0,-16.0,-36.0,9.0,1.0
8977,Asia,Taiwan,2020-05-02,-10.0,4.0,13.0,-25.0,-5.0,4.0,-4.6
8978,Asia,Taiwan,2020-05-03,-9.0,2.0,18.0,-21.0,-6.0,2.0,-3.2
8979,Asia,Taiwan,2020-05-04,-12.0,4.0,-6.0,-19.0,5.0,3.0,-5.6
8980,Asia,Taiwan,2020-05-05,-11.0,8.0,-3.0,-19.0,9.0,2.0,-3.2
8981,Asia,Taiwan,2020-05-06,-14.0,4.0,-7.0,-17.0,9.0,2.0,-5.0
8982,Asia,Taiwan,2020-05-07,-10.0,3.0,-13.0,-18.0,7.0,-1.0,-6.2
8983,Asia,Taiwan,2020-05-08,-5.0,9.0,-3.0,-9.0,4.0,2.0,-0.8
8984,Asia,Taiwan,2020-05-09,-5.0,9.0,-4.0,-20.0,2.0,2.0,-3.6
8985,Asia,Taiwan,2020-05-10,-5.0,6.0,-1.0,-19.0,-8.0,1.0,-5.4
8986,Asia,Taiwan,2020-05-11,-10.0,9.0,-10.0,-17.0,5.0,3.0,-4.6
8987,Asia,Taiwan,2020-05-12,-15.0,3.0,-14.0,-19.0,8.0,3.0,-7.4
8988,Asia,Taiwan,2020-05-13,-11.0,4.0,1.0,-15.0,9.0,2.0,-2.4
9167,Asia,Thailand,2020-02-15,-3.0,1.0,-8.0,-2.0,7.0,1.0,-1.0
9168,Asia,Thailand,2020-02-16,-3.0,2.0,-5.0,-4.0,2.0,2.0,-1.6
9169,Asia,Thailand,2020-02-17,-3.0,1.0,-3.0,-4.0,2.0,1.0,-1.4
9170,Asia,Thailand,2020-02-18,-3.0,0.0,-5.0,-6.0,0.0,2.0,-2.8
9171,Asia,Thailand,2020-02-19,-4.0,-3.0,-3.0,-6.0,0.0,1.0,-3.2
9172,Asia,Thailand,2020-02-20,-4.0,-2.0,-3.0,-4.0,1.0,1.0,-2.4
9173,Asia,Thailand,2020-02-21,-4.0,1.0,-4.0,-5.0,1.0,2.0,-2.2
9174,Asia,Thailand,2020-02-22,-4.0,0.0,-12.0,-6.0,4.0,2.0,-3.6
9175,Asia,Thailand,2020-02-23,-5.0,0.0,-7.0,-8.0,2.0,2.0,-3.6
9176,Asia,Thailand,2020-02-24,-4.0,-1.0,-6.0,-7.0,0.0,2.0,-3.6
9177,Asia,Thailand,2020-02-25,-2.0,3.0,-6.0,-7.0,-2.0,2.0,-2.8
9178,Asia,Thailand,2020-02-26,-3.0,0.0,-6.0,-8.0,-1.0,2.0,-3.6
9179,Asia,Thailand,2020-02-27,-4.0,-1.0,-7.0,-8.0,-1.0,2.0,-4.2
9180,Asia,Thailand,2020-02-28,-1.0,5.0,-7.0,-6.0,-1.0,2.0,-2.0
9181,Asia,Thailand,2020-02-29,-1.0,6.0,-14.0,-7.0,5.0,1.0,-2.2
9182,Asia,Thailand,2020-03-01,-1.0,9.0,-9.0,-8.0,3.0,1.0,-1.2
9183,Asia,Thailand,2020-03-02,1.0,8.0,-7.0,-9.0,-2.0,2.0,-1.8
9184,Asia,Thailand,2020-03-03,0.0,5.0,-8.0,-10.0,-4.0,3.0,-3.4
9185,Asia,Thailand,2020-03-04,-1.0,2.0,-9.0,-11.0,-4.0,3.0,-4.6
9186,Asia,Thailand,2020-03-05,-3.0,2.0,-8.0,-9.0,-4.0,3.0,-4.4
9187,Asia,Thailand,2020-03-06,-5.0,2.0,-9.0,-11.0,-6.0,4.0,-5.8
9188,Asia,Thailand,2020-03-07,-6.0,1.0,-16.0,-13.0,2.0,3.0,-6.4
9189,Asia,Thailand,2020-03-08,-7.0,1.0,-11.0,-15.0,1.0,2.0,-6.2
9190,Asia,Thailand,2020-03-09,-4.0,1.0,-8.0,-13.0,-6.0,4.0,-6.0
9191,Asia,Thailand,2020-03-10,-3.0,1.0,-8.0,-13.0,-7.0,4.0,-6.0
9192,Asia,Thailand,2020-03-11,-4.0,0.0,-8.0,-15.0,-7.0,4.0,-6.8
9193,Asia,Thailand,2020-03-12,-6.0,-1.0,-9.0,-15.0,-7.0,4.0,-7.6
9194,Asia,Thailand,2020-03-13,-8.0,0.0,-12.0,-17.0,-7.0,5.0,-8.8
9195,Asia,Thailand,2020-03-14,-11.0,-1.0,-21.0,-20.0,3.0,3.0,-10.0
9196,Asia,Thailand,2020-03-15,-15.0,-1.0,-22.0,-23.0,-2.0,4.0,-12.6
9197,Asia,Thailand,2020-03-16,-8.0,4.0,-14.0,-18.0,-10.0,5.0,-9.2
9198,Asia,Thailand,2020-03-17,-9.0,1.0,-15.0,-21.0,-12.0,6.0,-11.2
9199,Asia,Thailand,2020-03-18,-12.0,-3.0,-16.0,-24.0,-13.0,7.0,-13.6
9200,Asia,Thailand,2020-03-19,-16.0,-6.0,-18.0,-26.0,-14.0,8.0,-16.0
9201,Asia,Thailand,2020-03-20,-20.0,-5.0,-24.0,-30.0,-15.0,9.0,-18.8
9202,Asia,Thailand,2020-03-21,-24.0,-4.0,-35.0,-33.0,-4.0,8.0,-20.0
9203,Asia,Thailand,2020-03-22,-36.0,-10.0,-35.0,-41.0,-10.0,9.0,-26.4
9204,Asia,Thailand,2020-03-23,-32.0,-11.0,-29.0,-39.0,-20.0,11.0,-26.2
9205,Asia,Thailand,2020-03-24,-34.0,-8.0,-32.0,-42.0,-23.0,12.0,-27.8
9206,Asia,Thailand,2020-03-25,-35.0,-8.0,-34.0,-42.0,-24.0,12.0,-28.6
9207,Asia,Thailand,2020-03-26,-43.0,-18.0,-40.0,-50.0,-26.0,15.0,-35.4
9208,Asia,Thailand,2020-03-27,-46.0,-19.0,-44.0,-54.0,-26.0,17.0,-37.8
9209,Asia,Thailand,2020-03-28,-51.0,-25.0,-55.0,-57.0,-14.0,16.0,-40.4
9210,Asia,Thailand,2020-03-29,-55.0,-27.0,-54.0,-61.0,-21.0,16.0,-43.6
9211,Asia,Thailand,2020-03-30,-44.0,-19.0,-42.0,-53.0,-27.0,16.0,-37.0
9212,Asia,Thailand,2020-03-31,-42.0,-14.0,-42.0,-53.0,-28.0,15.0,-35.8
9213,Asia,Thailand,2020-04-01,-43.0,-16.0,-41.0,-55.0,-30.0,16.0,-37.0
9214,Asia,Thailand,2020-04-02,-45.0,-18.0,-44.0,-57.0,-30.0,17.0,-38.8
9215,Asia,Thailand,2020-04-03,-48.0,-19.0,-48.0,-60.0,-30.0,19.0,-41.0
9216,Asia,Thailand,2020-04-04,-51.0,-21.0,-58.0,-62.0,-19.0,17.0,-42.2
9217,Asia,Thailand,2020-04-05,-54.0,-23.0,-57.0,-66.0,-25.0,17.0,-45.0
9218,Asia,Thailand,2020-04-06,-47.0,-17.0,-49.0,-67.0,-49.0,23.0,-45.8
9219,Asia,Thailand,2020-04-07,-45.0,-17.0,-45.0,-58.0,-32.0,17.0,-39.4
9220,Asia,Thailand,2020-04-08,-46.0,-21.0,-45.0,-60.0,-32.0,18.0,-40.8
9221,Asia,Thailand,2020-04-09,-47.0,-21.0,-45.0,-60.0,-32.0,18.0,-41.0
9222,Asia,Thailand,2020-04-10,-48.0,-18.0,-48.0,-61.0,-32.0,20.0,-41.4
9223,Asia,Thailand,2020-04-11,-51.0,-21.0,-57.0,-63.0,-22.0,17.0,-42.8
9224,Asia,Thailand,2020-04-12,-54.0,-22.0,-56.0,-66.0,-24.0,17.0,-44.4
9225,Asia,Thailand,2020-04-13,-49.0,-22.0,-47.0,-62.0,-35.0,20.0,-43.0
9226,Asia,Thailand,2020-04-14,-46.0,-17.0,-45.0,-61.0,-36.0,19.0,-41.0
9227,Asia,Thailand,2020-04-15,-46.0,-17.0,-44.0,-60.0,-35.0,19.0,-40.4
9228,Asia,Thailand,2020-04-16,-46.0,-19.0,-44.0,-60.0,-33.0,19.0,-40.4
9229,Asia,Thailand,2020-04-17,-49.0,-19.0,-48.0,-62.0,-33.0,21.0,-42.2
9230,Asia,Thailand,2020-04-18,-51.0,-21.0,-57.0,-61.0,-20.0,17.0,-42.0
9231,Asia,Thailand,2020-04-19,-53.0,-23.0,-55.0,-63.0,-22.0,16.0,-43.2
9232,Asia,Thailand,2020-04-20,-43.0,-16.0,-44.0,-57.0,-29.0,17.0,-37.8
9233,Asia,Thailand,2020-04-21,-44.0,-17.0,-45.0,-58.0,-30.0,17.0,-38.8
9234,Asia,Thailand,2020-04-22,-45.0,-20.0,-45.0,-59.0,-30.0,17.0,-39.8
9235,Asia,Thailand,2020-04-23,-46.0,-21.0,-45.0,-59.0,-30.0,17.0,-40.2
9236,Asia,Thailand,2020-04-24,-46.0,-17.0,-48.0,-60.0,-29.0,19.0,-40.0
9237,Asia,Thailand,2020-04-25,-50.0,-22.0,-57.0,-61.0,-19.0,17.0,-41.8
9238,Asia,Thailand,2020-04-26,-50.0,-19.0,-54.0,-62.0,-22.0,15.0,-41.4
9239,Asia,Thailand,2020-04-27,-42.0,-15.0,-45.0,-57.0,-28.0,17.0,-37.4
9240,Asia,Thailand,2020-04-28,-41.0,-12.0,-43.0,-56.0,-29.0,15.0,-36.2
9241,Asia,Thailand,2020-04-29,-42.0,-15.0,-43.0,-55.0,-29.0,15.0,-36.8
9242,Asia,Thailand,2020-04-30,-44.0,-2.0,-39.0,-47.0,-28.0,14.0,-32.0
9243,Asia,Thailand,2020-05-01,-46.0,3.0,-42.0,-56.0,-54.0,23.0,-39.0
9244,Asia,Thailand,2020-05-02,-48.0,-5.0,-50.0,-50.0,-23.0,15.0,-35.2
9245,Asia,Thailand,2020-05-03,-46.0,-3.0,-46.0,-50.0,-17.0,13.0,-32.4
9246,Asia,Thailand,2020-05-04,-42.0,-6.0,-39.0,-56.0,-44.0,19.0,-37.4
9247,Asia,Thailand,2020-05-05,-38.0,2.0,-35.0,-43.0,-28.0,13.0,-28.4
9248,Asia,Thailand,2020-05-06,-38.0,-1.0,-34.0,-54.0,-50.0,21.0,-35.4
9249,Asia,Thailand,2020-05-07,-38.0,-3.0,-34.0,-45.0,-25.0,14.0,-29.0
9250,Asia,Thailand,2020-05-08,-40.0,-1.0,-37.0,-47.0,-25.0,16.0,-30.0
9251,Asia,Thailand,2020-05-09,-41.0,-4.0,-46.0,-47.0,-12.0,13.0,-30.0
9252,Asia,Thailand,2020-05-10,-41.0,-4.0,-41.0,-49.0,-14.0,12.0,-29.8
9253,Asia,Thailand,2020-05-11,-40.0,-7.0,-39.0,-50.0,-34.0,17.0,-34.0
9254,Asia,Thailand,2020-05-12,-34.0,2.0,-32.0,-42.0,-24.0,13.0,-26.0
9255,Asia,Thailand,2020-05-13,-36.0,-2.0,-32.0,-43.0,-24.0,13.0,-27.4
10146,Asia,Vietnam,2020-02-15,-6.0,-4.0,-11.0,-9.0,-4.0,7.0,-6.8
10147,Asia,Vietnam,2020-02-16,-9.0,-7.0,-9.0,-11.0,-7.0,7.0,-8.6
10148,Asia,Vietnam,2020-02-17,-9.0,-7.0,-7.0,-11.0,5.0,6.0,-5.8
10149,Asia,Vietnam,2020-02-18,-11.0,-4.0,-8.0,-9.0,7.0,6.0,-5.0
10150,Asia,Vietnam,2020-02-19,-9.0,-9.0,-9.0,-12.0,7.0,4.0,-6.4
10151,Asia,Vietnam,2020-02-20,-12.0,-10.0,-11.0,-15.0,5.0,3.0,-8.6
10152,Asia,Vietnam,2020-02-21,-7.0,-9.0,-10.0,-12.0,-5.0,7.0,-8.6
10153,Asia,Vietnam,2020-02-22,-7.0,-3.0,-11.0,-9.0,-3.0,7.0,-6.6
10154,Asia,Vietnam,2020-02-23,-9.0,-6.0,-6.0,-12.0,-5.0,6.0,-7.6
10155,Asia,Vietnam,2020-02-24,-7.0,-5.0,-2.0,-10.0,6.0,5.0,-3.6
10156,Asia,Vietnam,2020-02-25,-10.0,-4.0,-5.0,-9.0,9.0,5.0,-3.8
10157,Asia,Vietnam,2020-02-26,-10.0,-9.0,-8.0,-11.0,8.0,3.0,-6.0
10158,Asia,Vietnam,2020-02-27,-11.0,-9.0,-9.0,-13.0,7.0,2.0,-7.0
10159,Asia,Vietnam,2020-02-28,-6.0,-8.0,-7.0,-9.0,-3.0,6.0,-6.6
10160,Asia,Vietnam,2020-02-29,-5.0,-3.0,-9.0,-5.0,-2.0,6.0,-4.8
10161,Asia,Vietnam,2020-03-01,-5.0,-3.0,-2.0,-5.0,-3.0,5.0,-3.6
10162,Asia,Vietnam,2020-03-02,-8.0,-5.0,-4.0,-9.0,12.0,5.0,-2.8
10163,Asia,Vietnam,2020-03-03,-12.0,-6.0,-10.0,-10.0,14.0,5.0,-4.8
10164,Asia,Vietnam,2020-03-04,-14.0,-15.0,-17.0,-17.0,11.0,5.0,-10.4
10165,Asia,Vietnam,2020-03-05,-11.0,-8.0,-12.0,-14.0,11.0,2.0,-6.8
10166,Asia,Vietnam,2020-03-06,-3.0,-5.0,-9.0,-9.0,3.0,5.0,-4.6
10167,Asia,Vietnam,2020-03-07,-7.0,4.0,-12.0,-9.0,4.0,7.0,-4.0
10168,Asia,Vietnam,2020-03-08,-4.0,2.0,-4.0,-11.0,-2.0,6.0,-3.8
10169,Asia,Vietnam,2020-03-09,-12.0,-5.0,-6.0,-15.0,10.0,6.0,-5.6
10170,Asia,Vietnam,2020-03-10,-15.0,-5.0,-11.0,-15.0,13.0,6.0,-6.6
10171,Asia,Vietnam,2020-03-11,-14.0,-9.0,-12.0,-17.0,11.0,4.0,-8.2
10172,Asia,Vietnam,2020-03-12,-18.0,-10.0,-13.0,-21.0,8.0,3.0,-10.8
10173,Asia,Vietnam,2020-03-13,-15.0,-12.0,-15.0,-21.0,-2.0,8.0,-13.0
10174,Asia,Vietnam,2020-03-14,-18.0,-9.0,-21.0,-21.0,0.0,9.0,-13.8
10175,Asia,Vietnam,2020-03-15,-19.0,-10.0,-16.0,-23.0,-5.0,9.0,-14.6
10176,Asia,Vietnam,2020-03-16,-18.0,-10.0,-12.0,-23.0,8.0,8.0,-11.0
10177,Asia,Vietnam,2020-03-17,-24.0,-13.0,-18.0,-24.0,8.0,8.0,-14.2
10178,Asia,Vietnam,2020-03-18,-24.0,-18.0,-22.0,-28.0,7.0,7.0,-17.0
10179,Asia,Vietnam,2020-03-19,-26.0,-17.0,-22.0,-30.0,5.0,5.0,-18.0
10180,Asia,Vietnam,2020-03-20,-21.0,-14.0,-19.0,-27.0,-4.0,9.0,-17.0
10181,Asia,Vietnam,2020-03-21,-23.0,-12.0,-24.0,-27.0,-3.0,11.0,-17.8
10182,Asia,Vietnam,2020-03-22,-26.0,-15.0,-21.0,-32.0,-7.0,11.0,-20.2
10183,Asia,Vietnam,2020-03-23,-23.0,-11.0,-15.0,-29.0,4.0,9.0,-14.8
10184,Asia,Vietnam,2020-03-24,-27.0,-12.0,-18.0,-29.0,6.0,9.0,-16.0
10185,Asia,Vietnam,2020-03-25,-29.0,-17.0,-21.0,-31.0,3.0,8.0,-19.0
10186,Asia,Vietnam,2020-03-26,-34.0,-17.0,-22.0,-35.0,-1.0,7.0,-21.8
10187,Asia,Vietnam,2020-03-27,-35.0,-18.0,-25.0,-35.0,-12.0,12.0,-25.0
10188,Asia,Vietnam,2020-03-28,-45.0,-20.0,-33.0,-41.0,-15.0,15.0,-30.8
10189,Asia,Vietnam,2020-03-29,-52.0,-29.0,-33.0,-49.0,-20.0,16.0,-36.6
10190,Asia,Vietnam,2020-03-30,-50.0,-27.0,-28.0,-48.0,-11.0,15.0,-32.8
10191,Asia,Vietnam,2020-03-31,-52.0,-19.0,-31.0,-47.0,-11.0,14.0,-32.0
10192,Asia,Vietnam,2020-04-01,-61.0,-39.0,-41.0,-59.0,-23.0,16.0,-44.6
10193,Asia,Vietnam,2020-04-02,-67.0,-42.0,-44.0,-67.0,-58.0,23.0,-55.6
10194,Asia,Vietnam,2020-04-03,-63.0,-43.0,-43.0,-64.0,-36.0,22.0,-49.8
10195,Asia,Vietnam,2020-04-04,-65.0,-42.0,-49.0,-64.0,-33.0,23.0,-50.6
10196,Asia,Vietnam,2020-04-05,-67.0,-44.0,-47.0,-67.0,-32.0,22.0,-51.4
10197,Asia,Vietnam,2020-04-06,-60.0,-36.0,-38.0,-61.0,-25.0,20.0,-44.0
10198,Asia,Vietnam,2020-04-07,-61.0,-34.0,-38.0,-59.0,-23.0,19.0,-43.0
10199,Asia,Vietnam,2020-04-08,-60.0,-39.0,-39.0,-60.0,-23.0,17.0,-44.2
10200,Asia,Vietnam,2020-04-09,-61.0,-38.0,-39.0,-60.0,-24.0,15.0,-44.4
10201,Asia,Vietnam,2020-04-10,-58.0,-36.0,-38.0,-59.0,-30.0,20.0,-44.2
10202,Asia,Vietnam,2020-04-11,-59.0,-33.0,-43.0,-58.0,-29.0,21.0,-44.4
10203,Asia,Vietnam,2020-04-12,-64.0,-40.0,-46.0,-64.0,-30.0,20.0,-48.8
10204,Asia,Vietnam,2020-04-13,-60.0,-37.0,-40.0,-61.0,-23.0,20.0,-44.2
10205,Asia,Vietnam,2020-04-14,-58.0,-31.0,-36.0,-56.0,-19.0,18.0,-40.0
10206,Asia,Vietnam,2020-04-15,-57.0,-34.0,-37.0,-57.0,-19.0,16.0,-40.8
10207,Asia,Vietnam,2020-04-16,-54.0,-30.0,-34.0,-54.0,-16.0,13.0,-37.6
10208,Asia,Vietnam,2020-04-17,-51.0,-30.0,-35.0,-54.0,-25.0,18.0,-39.0
10209,Asia,Vietnam,2020-04-18,-53.0,-28.0,-39.0,-53.0,-23.0,18.0,-39.2
10210,Asia,Vietnam,2020-04-19,-53.0,-30.0,-35.0,-56.0,-22.0,16.0,-39.2
10211,Asia,Vietnam,2020-04-20,-48.0,-26.0,-28.0,-51.0,-14.0,15.0,-33.4
10212,Asia,Vietnam,2020-04-21,-50.0,-26.0,-32.0,-51.0,-12.0,15.0,-34.2
10213,Asia,Vietnam,2020-04-22,-49.0,-29.0,-34.0,-52.0,-12.0,13.0,-35.2
10214,Asia,Vietnam,2020-04-23,-44.0,-29.0,-34.0,-51.0,-10.0,10.0,-33.6
10215,Asia,Vietnam,2020-04-24,-39.0,-29.0,-36.0,-47.0,-19.0,15.0,-34.0
10216,Asia,Vietnam,2020-04-25,-34.0,-21.0,-35.0,-41.0,-16.0,15.0,-29.4
10217,Asia,Vietnam,2020-04-26,-34.0,-22.0,-30.0,-41.0,-13.0,13.0,-28.0
10218,Asia,Vietnam,2020-04-27,-27.0,-16.0,-21.0,-36.0,-3.0,11.0,-20.6
10219,Asia,Vietnam,2020-04-28,-26.0,-13.0,-19.0,-30.0,0.0,9.0,-17.6
10220,Asia,Vietnam,2020-04-29,-18.0,-9.0,-12.0,-20.0,-1.0,5.0,-12.0
10221,Asia,Vietnam,2020-04-30,-24.0,9.0,-11.0,-13.0,-48.0,8.0,-17.4
10222,Asia,Vietnam,2020-05-01,-26.0,0.0,-17.0,-27.0,-58.0,16.0,-25.6
10223,Asia,Vietnam,2020-05-02,-30.0,-1.0,-30.0,-20.0,-34.0,13.0,-23.0
10224,Asia,Vietnam,2020-05-03,-30.0,-5.0,-33.0,-10.0,-9.0,7.0,-17.4
10225,Asia,Vietnam,2020-05-04,-28.0,-1.0,-34.0,-10.0,5.0,7.0,-13.6
10226,Asia,Vietnam,2020-05-05,-29.0,1.0,-36.0,-8.0,9.0,6.0,-12.6
10227,Asia,Vietnam,2020-05-06,-27.0,1.0,-36.0,-8.0,9.0,5.0,-12.2
10228,Asia,Vietnam,2020-05-07,-27.0,1.0,-31.0,-11.0,8.0,3.0,-12.0
10229,Asia,Vietnam,2020-05-08,-21.0,1.0,-32.0,-8.0,-2.0,7.0,-12.4
10230,Asia,Vietnam,2020-05-09,-20.0,6.0,-34.0,-5.0,-1.0,8.0,-10.8
10231,Asia,Vietnam,2020-05-10,-19.0,7.0,-28.0,-3.0,-2.0,7.0,-9.0
10232,Asia,Vietnam,2020-05-11,-19.0,10.0,-26.0,-1.0,14.0,5.0,-4.4
10233,Asia,Vietnam,2020-05-12,-22.0,9.0,-29.0,1.0,17.0,5.0,-4.8
10234,Asia,Vietnam,2020-05-13,-23.0,1.0,-32.0,-5.0,16.0,3.0,-8.6
